Class,Precision,Recall,F1-Score,Support
Bearish,0.8259587020648967,0.8069164265129684,0.8163265306122449,347.0
Bullish,0.8766816143497758,0.8231578947368421,0.8490770901194354,475.0
Neutral,0.9201497192763568,0.941890166028097,0.9308930261912275,1566.0
macro avg,0.874263345230343,0.8573214957593024,0.8654322156409693,2388.0
weighted avg,0.8978165397066321,0.8986599664991625,0.897971274264926,2388.0
